<?xml version="1.0" encoding="utf-8"?><feed xmlns="http://www.w3.org/2005/Atom" ><generator uri="https://jekyllrb.com/" version="4.4.1">Jekyll</generator><link href="https://www.unveil2u.com/feed.xml" rel="self" type="application/atom+xml" /><link href="https://www.unveil2u.com/" rel="alternate" type="text/html" /><updated>2025-08-27T22:01:52+08:00</updated><id>https://www.unveil2u.com/feed.xml</id><title type="html">Time-Space Photos - Your Best Memory Building and Sharing Tool</title><subtitle>Time-Space Photos is a powerful App to help you build old memories according to your photos. And, you can choose to share your stories with families and friends</subtitle></feed>